seq,t_send_ns,t_recv_ns,rtt_us
0,3996878960907,3996879011000,50.093
1,3996879012238,3996879062738,50.5
2,3996879063833,3996879114140,50.307
3,3996879115165,3996879165353,50.188
4,3996879166259,3996879216421,50.162
5,3996879217523,3996879268317,50.794
6,3996879269210,3996879320877,51.667
7,3996879321755,3996879372356,50.601
8,3996879373195,3996879423582,50.387
9,3996879424559,3996879475126,50.567
10,3996879475993,3996879525835,49.842
11,3996879526666,3996879576887,50.221
12,3996879577737,3996879627740,50.003
13,3996879628591,3996879770211,141.62
14,3996879771110,3996879823046,51.936
15,3996879826378,3996879877541,51.163
16,3996879878394,3996879928789,50.395
17,3996879929819,3996879982933,53.114
18,3996879983925,3996880036017,52.092
19,3996880036986,3996880088061,51.075
20,3996880088934,3996880139259,50.325
21,3996880140116,3996880190597,50.481
22,3996880191460,3996880242150,50.69
23,3996880243007,3996880292963,49.956
24,3996880293827,3996880345146,51.319
25,3996880346196,3996880396446,50.25
26,3996880397317,3996880447475,50.158
27,3996880448338,3996880498741,50.403
28,3996880499616,3996880549907,50.291
29,3996880550767,3996880601739,50.972
30,3996880602600,3996880659382,56.782
31,3996880660232,3996880712010,51.778
32,3996880712952,3996880763430,50.478
33,3996880764446,3996880814798,50.352
34,3996880815650,3996880865898,50.248
35,3996880866735,3996880916803,50.068
36,3996880917694,3996880968239,50.545
37,3996880969081,3996881019460,50.379
38,3996881020315,3996881070795,50.48
39,3996881071639,3996881122352,50.713
40,3996881123207,3996881173690,50.483
41,3996881176544,3996881227844,51.3
42,3996881228768,3996881278308,49.54
43,3996881279152,3996881329304,50.152
44,3996881330174,3996881380668,50.494
45,3996881381525,3996881529686,148.161
46,3996881530576,3996881581928,51.352
47,3996881582790,3996881634020,51.23
48,3996881634941,3996881684838,49.897
49,3996881685697,3996881736677,50.98
50,3996881737542,3996881788212,50.67
51,3996881789103,3996881839183,50.08
52,3996881840052,3996881891432,51.38
53,3996881892456,3996881943811,51.355
54,3996881944680,3996881995873,51.193
55,3996881996735,3996882046966,50.231
56,3996882047837,3996882098208,50.371
57,3996882099065,3996882150187,51.122
58,3996882151039,3996882201310,50.271
59,3996882202214,3996882254322,52.108
60,3996882255197,3996882305811,50.614
61,3996882306670,3996882357417,50.747
62,3996882358271,3996882408490,50.219
63,3996882409355,3996882460135,50.78
64,3996882461010,3996882511216,50.206
65,3996882512252,3996882562709,50.457
66,3996882563641,3996882614416,50.775
67,3996882615360,3996882665340,49.98
68,3996882666245,3996882716537,50.292
69,3996882717396,3996882768579,51.183
70,3996882769427,3996882820110,50.683
71,3996882821024,3996882872561,51.537
72,3996882873414,3996882923737,50.323
73,3996882924606,3996882974924,50.318
74,3996882975792,3996883026374,50.582
75,3996883027244,3996883077381,50.137
76,3996883078236,3996883130185,51.949
77,3996883131244,3996883272823,141.579
78,3996883273688,3996883325280,51.592
79,3996883326139,3996883377213,51.074
80,3996883378083,3996883428105,50.022
81,3996883429021,3996883478975,49.954
82,3996883479844,3996883530411,50.567
83,3996883531269,3996883581591,50.322
84,3996883582457,3996883633430,50.973
85,3996883634278,3996883684528,50.25
86,3996883685392,3996883736090,50.698
87,3996883736952,3996883805055,68.103
88,3996883807450,3996883872317,64.867
89,3996883873170,3996883923794,50.624
90,3996883924666,3996883974756,50.09
91,3996883975632,3996884030489,54.857
92,3996884031432,3996884082355,50.923
93,3996884083531,3996884135366,51.835
94,3996884136223,3996884186073,49.85
95,3996884186930,3996884237409,50.479
96,3996884238250,3996884288627,50.377
97,3996884289482,3996884339887,50.405
98,3996884340724,3996884391236,50.512
99,3996884392090,3996884442377,50.287
100,3996884443228,3996884493999,50.771
101,3996884494861,3996884546518,51.657
102,3996884550587,3996884601991,51.404
103,3996884602843,3996884661573,58.73
104,3996884662424,3996884712996,50.572
105,3996884713843,3996884764880,51.037
106,3996884765738,3996884815863,50.125
107,3996884816718,3996884867324,50.606
108,3996884868168,3996884919340,51.172
109,3996884920388,3996885071965,151.577
110,3996885072832,3996885124906,52.074
111,3996885125756,3996885176173,50.417
112,3996885177023,3996885227110,50.087
113,3996885227961,3996885278547,50.586
114,3996885279406,3996885328915,49.509
115,3996885329764,3996885380049,50.285
116,3996885380904,3996885431826,50.922
117,3996885434493,3996885484663,50.17
118,3996885485572,3996885536766,51.194
119,3996885537619,3996885587911,50.292
120,3996885588780,3996885638659,49.879
121,3996885639493,3996885689574,50.081
122,3996885690442,3996885740336,49.894
123,3996885741205,3996885792169,50.964
124,3996885793022,3996885843207,50.185
125,3996885844067,3996885894636,50.569
126,3996885895479,3996885951552,56.073
127,3996885953913,3996886019842,65.929
128,3996886020693,3996886071177,50.484
129,3996886072251,3996886123322,51.071
130,3996886124170,3996886174142,49.972
131,3996886175002,3996886225382,50.38
132,3996886226237,3996886276912,50.675
133,3996886277779,3996886327920,50.141
134,3996886328771,3996886379236,50.465
135,3996886380089,3996886430573,50.484
136,3996886431428,3996886481420,49.992
137,3996886482275,3996886533488,51.213
138,3996886534339,3996886584392,50.053
139,3996886585245,3996886636389,51.144
140,3996886637254,3996886688859,51.605
141,3996886689720,3996886826147,136.427
142,3996886827000,3996886878669,51.669
143,3996886879510,3996886930225,50.715
144,3996886931085,3996886980716,49.631
145,3996886983297,3996887034992,51.695
146,3996887035853,3996887086218,50.365
147,3996887087122,3996887137811,50.689
148,3996887138670,3996887190078,51.408
149,3996887191068,3996887241371,50.303
150,3996887242227,3996887293936,51.709
151,3996887294783,3996887344574,49.791
152,3996887345417,3996887395750,50.333
153,3996887396596,3996887446868,50.272
154,3996887447730,3996887497978,50.248
155,3996887498818,3996887550246,51.428
156,3996887551095,3996887601392,50.297
157,3996887602238,3996887653144,50.906
158,3996887654012,3996887705464,51.452
159,3996887706362,3996887756650,50.288
160,3996887757514,3996887808113,50.599
161,3996887808950,3996887858259,49.309
162,3996887859110,3996887909472,50.362
163,3996887910322,3996887961221,50.899
164,3996887962123,3996888017512,55.389
165,3996888018496,3996888070610,52.114
166,3996888071467,3996888122188,50.721
167,3996888123035,3996888174124,51.089
168,3996888176858,3996888228313,51.455
169,3996888229163,3996888279577,50.414
170,3996888280433,3996888331426,50.993
171,3996888332274,3996888382637,50.363
172,3996888383477,3996888435636,52.159
173,3996888436588,3996888599375,162.787
174,3996888600236,3996888660368,60.132
175,3996888661214,3996888711985,50.771
176,3996888712846,3996888762667,49.821
177,3996888763530,3996888814754,51.224
178,3996888815634,3996888871089,55.455
179,3996888873446,3996888939512,66.066
180,3996888940372,3996888990493,50.121
181,3996888991340,3996889041927,50.587
182,3996889042790,3996889093229,50.439
183,3996889094063,3996889144653,50.59
184,3996889145506,3996889196504,50.998
185,3996889197355,3996889247675,50.32
186,3996889248529,3996889299863,51.334
187,3996889300784,3996889353813,53.029
188,3996889354721,3996889405927,51.206
189,3996889406780,3996889458061,51.281
190,3996889458911,3996889508982,50.071
191,3996889509881,3996889560056,50.175
192,3996889560906,3996889611120,50.214
193,3996889611977,3996889662281,50.304
194,3996889663138,3996889713820,50.682
195,3996889714670,3996889764821,50.151
196,3996889765677,3996889816819,51.142
197,3996889817683,3996889867946,50.263
198,3996889868803,3996889919882,51.079
199,3996889920730,3996889971273,50.543
200,3996889972131,3996890022585,50.454
201,3996890023533,3996890074471,50.938
202,3996890075316,3996890125570,50.254
203,3996890126439,3996890177145,50.706
204,3996890177984,3996890228994,51.01
205,3996890229847,3996890367923,138.076
206,3996890368765,3996890420189,51.424
207,3996890421155,3996890472136,50.981
208,3996890473098,3996890523058,49.96
209,3996890523986,3996890574808,50.822
210,3996890575683,3996890626494,50.811
211,3996890627348,3996890678120,50.772
212,3996890678981,3996890730384,51.403
213,3996890731234,3996890781678,50.444
214,3996890782524,3996890832938,50.414
215,3996890833811,3996890883784,49.973
216,3996890884647,3996890934968,50.321
217,3996890935842,3996890986123,50.281
218,3996890986972,3996891037461,50.489
219,3996891040017,3996891092050,52.033
220,3996891092919,3996891143481,50.562
221,3996891144335,3996891194784,50.449
222,3996891195641,3996891246291,50.65
223,3996891247146,3996891297143,49.997
224,3996891298055,3996891348756,50.701
225,3996891349615,3996891399361,49.746
226,3996891400200,3996891450814,50.614
227,3996891451676,3996891502859,51.183
228,3996891503710,3996891554255,50.545
229,3996891556798,3996891608071,51.273
230,3996891608962,3996891659045,50.083
231,3996891659902,3996891709726,49.824
232,3996891710603,3996891760910,50.307
233,3996891761893,3996891812252,50.359
234,3996891813129,3996891864009,50.88
235,3996891864896,3996891915437,50.541
236,3996891916321,3996891966940,50.619
237,3996891967805,3996892111617,143.812
238,3996892112556,3996892157476,44.92
239,3996892158338,3996892202070,43.732
240,3996892202926,3996892246924,43.998
241,3996892247796,3996892292200,44.404
242,3996892293083,3996892337448,44.365
243,3996892338326,3996892382931,44.605
244,3996892396921,3996892444892,47.971
245,3996892445751,3996892489339,43.588
246,3996892490205,3996892533760,43.555
247,3996892534623,3996892577635,43.012
248,3996892578505,3996892622093,43.588
249,3996892622959,3996892667375,44.416
250,3996892668249,3996892713091,44.842
251,3996892713943,3996892758567,44.624
252,3996892759445,3996892803479,44.034
253,3996892804385,3996892847916,43.531
254,3996892863021,3996892923943,60.922
255,3996892924818,3996892968552,43.734
256,3996892969423,3996893013507,44.084
257,3996893014359,3996893058516,44.157
258,3996893059472,3996893104989,45.517
259,3996893105909,3996893150690,44.781
260,3996893151568,3996893195680,44.112
261,3996893196548,3996893240533,43.985
262,3996893241400,3996893299706,58.306
263,3996893300633,3996893350579,49.946
264,3996893351446,3996893414992,63.546
265,3996893417355,3996893481873,64.518
266,3996893482734,3996893533515,50.781
267,3996893534386,3996893585185,50.799
268,3996893587835,3996893638646,50.811
269,3996893639677,3996893776485,136.808
270,3996893777399,3996893828753,51.354
271,3996893831390,3996893882243,50.853
272,3996893883158,3996893933036,49.878
273,3996893933908,3996893985020,51.112
274,3996893985900,3996894036946,51.046
275,3996894037816,3996894087714,49.898
276,3996894088564,3996894139004,50.44
277,3996894139870,3996894189812,49.942
278,3996894190673,3996894240703,50.03
279,3996894241567,3996894292168,50.601
280,3996894293079,3996894343217,50.138
281,3996894344087,3996894395208,51.121
282,3996894396068,3996894447152,51.084
283,3996894448010,3996894499834,51.824
284,3996894500690,3996894550796,50.106
285,3996894551667,3996894602087,50.42
286,3996894602954,3996894653749,50.795
287,3996894654615,3996894709803,55.188
288,3996894712172,3996894766478,54.306
289,3996894767350,3996894817727,50.377
290,3996894818650,3996894863203,44.553
291,3996894864070,3996894908889,44.819
292,3996894909771,3996894953835,44.064
293,3996894967970,3996895016629,48.659
294,3996895017522,3996895061349,43.827
295,3996895062210,3996895106452,44.242
296,3996895107325,3996895151854,44.529
297,3996895152718,3996895196591,43.873
298,3996895197462,3996895241587,44.125
299,3996895242451,3996895286748,44.297
300,3996895289324,3996895334289,44.965
301,3996895335164,3996895478411,143.247
302,3996895479268,3996895523438,44.17
303,3996895524310,3996895568252,43.942
304,3996895569114,3996895612719,43.605
305,3996895613587,3996895657918,44.331
306,3996895658797,3996895703247,44.45
307,3996895704098,3996895751801,47.703
308,3996895752676,3996895797026,44.35
309,3996895798005,3996895841764,43.759
310,3996895842642,3996895887441,44.799
311,3996895888288,3996895931755,43.467
312,3996895932633,3996895976835,44.202
313,3996895977682,3996896022886,45.204
314,3996896023829,3996896068793,44.964
315,3996896069661,3996896113935,44.274
316,3996896114821,3996896175474,60.653
317,3996896177873,3996896236770,58.897
318,3996896237649,3996896282212,44.563
319,3996896283073,3996896326899,43.826
320,3996896327766,3996896371852,44.086
321,3996896374523,3996896435534,61.011
322,3996896437955,3996896496199,58.244
323,3996896497073,3996896541873,44.8
324,3996896542764,3996896586778,44.014
325,3996896587652,3996896636871,49.219
326,3996896637769,3996896699804,62.035
327,3996896702219,3996896759841,57.622
328,3996896760733,3996896806159,45.426
329,3996896807035,3996896851601,44.566
330,3996896852481,3996896897092,44.611
331,3996896897971,3996896942127,44.156
332,3996896944918,3996896994694,49.776
333,3996896997396,3996897143695,146.299
334,3996897146187,3996897206158,59.971
335,3996897208557,3996897267928,59.371
336,3996897270363,3996897330171,59.808
337,3996897332540,3996897392075,59.535
338,3996897394469,3996897454382,59.913
339,3996897456759,3996897510890,54.131
340,3996897511777,3996897562085,50.308
341,3996897562970,3996897612752,49.782
342,3996897613630,3996897665258,51.628
343,3996897666127,3996897733220,67.093
344,3996897735659,3996897790532,54.873
345,3996897791399,3996897841505,50.106
346,3996897842389,3996897886450,44.061
347,3996897887330,3996897932270,44.94
348,3996897933141,3996897976946,43.805
349,3996897977814,3996898033881,56.067
350,3996898034757,3996898078564,43.807
351,3996898079423,3996898123417,43.994
352,3996898124294,3996898169234,44.94
353,3996898170315,3996898214737,44.422
354,3996898215631,3996898276506,60.875
355,3996898277341,3996898322069,44.728
356,3996898322958,3996898366619,43.661
357,3996898367492,3996898411380,43.888
358,3996898412262,3996898456942,44.68
359,3996898457817,3996898502063,44.246
360,3996898502941,3996898563885,60.944
361,3996898564745,3996898608681,43.936
362,3996898609550,3996898653602,44.052
363,3996898654486,3996898699561,45.075
364,3996898702167,3996898746197,44.03
365,3996898747072,3996898892052,144.98
366,3996898892932,3996898937834,44.902
367,3996898938762,3996898982423,43.661
368,3996898983301,3996899033607,50.306
369,3996899034485,3996899085283,50.798
370,3996899086165,3996899137138,50.973
371,3996899138020,3996899189325,51.305
372,3996899191906,3996899255183,63.277
373,3996899257606,3996899323267,65.661
374,3996899324133,3996899374257,50.124
375,3996899375124,3996899425567,50.443
376,3996899426447,3996899476786,50.339
377,3996899477658,3996899528176,50.518
378,3996899529054,3996899579872,50.818
379,3996899580754,3996899631281,50.527
380,3996899632148,3996899682846,50.698
381,3996899683726,3996899734271,50.545
382,3996899735151,3996899784998,49.847
383,3996899785856,3996899830085,44.229
384,3996899830967,3996899875514,44.547
385,3996899876378,3996899920585,44.207
386,3996899921463,3996899965844,44.381
387,3996899966710,3996900012661,45.951
388,3996900013581,3996900058517,44.936
389,3996900059412,3996900102703,43.291
390,3996900103572,3996900152134,48.562
391,3996900154563,3996900226521,71.958
392,3996900227446,3996900278528,51.082
393,3996900279411,3996900330306,50.895
394,3996900331192,3996900381572,50.38
395,3996900382469,3996900432508,50.039
396,3996900435166,3996900485696,50.53
397,3996900486574,3996900624803,138.229
398,3996900625676,3996900677582,51.906
399,3996900678452,3996900738618,60.166
400,3996900739501,3996900790377,50.876
401,3996900791418,3996900841940,50.522
402,3996900842832,3996900893365,50.533
403,3996900894234,3996900949690,55.456
404,3996900952121,3996901006803,54.682
405,3996901007678,3996901057733,50.055
406,3996901058614,3996901109021,50.407
407,3996901109887,3996901160313,50.426
408,3996901161196,3996901218381,57.185
409,3996901220766,3996901268522,47.756
410,3996901269399,3996901313964,44.565
411,3996901314846,3996901359388,44.542
412,3996901360267,3996901404197,43.93
413,3996901405077,3996901449204,44.127
414,3996901450101,3996901493927,43.826
415,3996901494784,3996901538870,44.086
416,3996901539755,3996901584679,44.924
417,3996901585550,3996901629291,43.741
418,3996901630167,3996901674284,44.117
419,3996901675158,3996901736165,61.007
420,3996901737054,3996901780969,43.915
421,3996901781856,3996901826194,44.338
422,3996901827072,3996901870843,43.771
423,3996901874439,3996901918874,44.435
424,3996901919749,3996901964876,45.127
425,3996901965733,3996902009665,43.932
426,3996902010532,3996902054550,44.018
427,3996902055420,3996902099349,43.929
428,3996902101965,3996902161580,59.615
429,3996902163946,3996902323093,159.147
430,3996902323943,3996902365548,41.605
431,3996902366394,3996902436355,69.961
432,3996902437198,3996902479128,41.93
433,3996902480034,3996902520928,40.894
434,3996902521799,3996902562888,41.089
435,3996902563745,3996902604923,41.178
436,3996902605793,3996902646600,40.807
437,3996902647454,3996902687459,40.005
438,3996902688311,3996902729218,40.907
439,3996902730071,3996902770891,40.82
440,3996902771749,3996902828495,56.746
441,3996902829343,3996902880735,51.392
442,3996902881588,3996902931854,50.266
443,3996902932709,3996902983392,50.683
444,3996902984259,3996903034108,49.849
445,3996903034950,3996903085053,50.103
446,3996903085932,3996903136223,50.291
447,3996903137076,3996903187786,50.71
448,3996903188630,3996903240304,51.674
449,3996903241178,3996903291178,50.0
450,3996903292028,3996903343426,51.398
451,3996903344292,3996903395348,51.056
452,3996903396203,3996903446225,50.022
453,3996903447102,3996903497981,50.879
454,3996903498890,3996903548820,49.93
455,3996903549691,3996903600735,51.044
456,3996903601597,3996903652638,51.041
457,3996903653594,3996903704242,50.648
458,3996903705098,3996903756037,50.939
459,3996903756911,3996903806999,50.088
460,3996903809828,3996903851840,42.012
461,3996903852751,3996903981275,128.524
462,3996903982129,3996904024794,42.665
463,3996904025712,3996904067305,41.593
464,3996904068163,3996904109552,41.389
465,3996904110396,3996904151088,40.692
466,3996904151938,3996904193506,41.568
467,3996904194365,3996904234977,40.612
468,3996904235831,3996904275810,39.979
469,3996904276663,3996904316767,40.104
470,3996904317632,3996904358915,41.283
471,3996904359814,3996904400671,40.857
472,3996904401531,3996904442232,40.701
473,3996904443085,3996904484767,41.682
474,3996904485651,3996904539879,54.228
475,3996904546141,3996904600867,54.726
476,3996904601741,3996904647907,46.166
477,3996904648743,3996904689872,41.129
478,3996904690726,3996904731536,40.81
479,3996904732433,3996904773872,41.439
480,3996904774725,3996904815301,40.576
481,3996904816152,3996904857201,41.049
482,3996904858057,3996904899238,41.181
483,3996904900092,3996904940231,40.139
484,3996904941081,3996904981044,39.963
485,3996904981907,3996905022772,40.865
486,3996905023676,3996905063893,40.217
487,3996905064739,3996905122210,57.471
488,3996905123051,3996905172948,49.897
489,3996905173793,3996905224089,50.296
490,3996905224935,3996905274799,49.864
491,3996905277431,3996905327672,50.241
492,3996905328536,3996905378625,50.089
493,3996905379475,3996905430809,51.334
494,3996905431657,3996905482933,51.276
495,3996905483801,3996905534926,51.125
496,3996905535786,3996905585874,50.088
497,3996905586722,3996905636680,49.958
498,3996905637531,3996905687027,49.496
499,3996905687870,3996905737448,49.578
500,3996905738305,3996905788338,50.033
501,3996905789181,3996905838683,49.502
502,3996905839529,3996905890473,50.944
503,3996905891311,3996905941615,50.304
504,3996905942460,3996905992436,49.976
505,3996905993278,3996906044421,51.143
506,3996906045268,3996906095052,49.784
507,3996906095907,3996906146828,50.921
508,3996906147686,3996906197249,49.563
509,3996906198093,3996906247335,49.242
510,3996906248189,3996906299425,51.236
511,3996906300291,3996906350575,50.284
512,3996906351435,3996906402448,51.013
513,3996906403295,3996906453543,50.248
514,3996906454407,3996906503730,49.323
515,3996906504623,3996906554970,50.347
516,3996906555830,3996906605354,49.524
517,3996906606198,3996906656431,50.233
518,3996906657294,3996906707601,50.307
519,3996906708496,3996906758488,49.992
520,3996906759329,3996906810210,50.881
521,3996906811160,3996906861930,50.77
522,3996906862786,3996906905149,42.363
523,3996906907669,3996906948156,40.487
524,3996906949073,3996906989940,40.867
525,3996906992457,3996907034795,42.338
526,3996907035649,3996907077195,41.546
527,3996907078044,3996907119185,41.141
528,3996907120044,3996907161827,41.783
529,3996907162672,3996907203249,40.577
530,3996907204107,3996907244276,40.169
531,3996907245119,3996907286079,40.96
532,3996907286932,3996907327787,40.855
533,3996907328625,3996907368758,40.133
534,3996907369614,3996907410501,40.887
535,3996907411382,3996907452094,40.712
536,3996907452956,3996907494088,41.132
537,3996907495005,3996907536111,41.106
538,3996907536964,3996907577443,40.479
539,3996907578271,3996907618442,40.171
540,3996907619303,3996907660101,40.798
541,3996907660941,3996907701085,40.144
542,3996907701944,3996907742416,40.472
543,3996907743263,3996907784306,41.043
544,3996907785177,3996907826321,41.144
545,3996907827168,3996907867692,40.524
546,3996907868553,3996907909144,40.591
547,3996907909992,3996907949864,39.872
548,3996907950717,3996907990739,40.022
549,3996907991584,3996908033147,41.563
550,3996908034054,3996908074790,40.736
551,3996908075634,3996908116446,40.812
552,3996908117302,3996908158360,41.058
553,3996908159228,3996908199523,40.295
554,3996908200372,3996908240398,40.026
555,3996908242992,3996908284231,41.239
556,3996908285095,3996908325665,40.57
557,3996908326554,3996908368840,42.286
558,3996908369701,3996908411131,41.43
559,3996908411968,3996908452924,40.956
560,3996908453774,3996908494436,40.662
561,3996908495286,3996908536428,41.142
562,3996908537275,3996908577164,39.889
563,3996908578011,3996908618145,40.134
564,3996908618998,3996908660793,41.795
565,3996908661646,3996908702796,41.15
566,3996908703657,3996908744501,40.844
567,3996908745345,3996908786852,41.507
568,3996908787707,3996908828487,40.78
569,3996908829365,3996908869631,40.266
570,3996908870488,3996908911231,40.743
571,3996908912067,3996908951868,39.801
572,3996908952721,3996908993157,40.436
573,3996908994002,3996909035477,41.475
574,3996909036386,3996909077565,41.179
575,3996909078399,3996909118542,40.143
576,3996909121092,3996909162757,41.665
577,3996909163596,3996909203446,39.85
578,3996909204297,3996909244392,40.095
579,3996909245248,3996909285912,40.664
580,3996909286754,3996909327479,40.725
581,3996909328337,3996909368794,40.457
582,3996909369651,3996909410426,40.775
583,3996909411268,3996909452297,41.029
584,3996909453140,3996909493683,40.543
585,3996909494534,3996909535712,41.178
586,3996909536561,3996909576976,40.415
587,3996909580183,3996909621097,40.914
588,3996909622108,3996909662687,40.579
589,3996909663610,3996909706777,43.167
590,3996909707637,3996909748935,41.298
591,3996909749789,3996909790857,41.068
592,3996909791717,3996909832509,40.792
593,3996909833474,3996909873395,39.921
594,3996909874263,3996909914914,40.651
595,3996909915760,3996909956716,40.956
596,3996909957571,3996909997591,40.02
597,3996909998436,3996910053996,55.56
598,3996910054851,3996910105291,50.44
599,3996910106139,3996910156835,50.696
600,3996910157694,3996910208186,50.492
601,3996910209035,3996910258907,49.872
602,3996910259771,3996910324987,65.216
603,3996910339437,3996910389007,49.57
604,3996910389863,3996910440447,50.584
605,3996910441293,3996910491689,50.396
606,3996910492544,3996910542490,49.946
607,3996910543337,3996910593660,50.323
608,3996910594516,3996910644284,49.768
609,3996910645132,3996910695613,50.481
610,3996910696468,3996910745942,49.474
611,3996910746790,3996910796560,49.77
612,3996910797409,3996910847302,49.893
613,3996910848143,3996910888437,40.294
614,3996910889291,3996910930048,40.757
615,3996910930894,3996910971918,41.024
616,3996910986023,3996911031098,45.075
617,3996911031945,3996911073102,41.157
618,3996911073958,3996911113912,39.954
619,3996911118920,3996911159629,40.709
620,3996911160482,3996911201140,40.658
621,3996911201993,3996911257492,55.499
622,3996911259884,3996911315880,55.996
623,3996911316795,3996911357490,40.695
624,3996911358344,3996911399085,40.741
625,3996911399938,3996911440651,40.713
626,3996911441504,3996911481268,39.764
627,3996911483969,3996911524587,40.618
628,3996911525446,3996911566428,40.982
629,3996911567288,3996911608020,40.732
630,3996911608874,3996911649230,40.356
631,3996911650085,3996911691940,41.855
632,3996911692787,3996911734071,41.284
633,3996911734937,3996911775407,40.47
634,3996911776256,3996911816915,40.659
635,3996911817780,3996911858248,40.468
636,3996911859089,3996911899712,40.623
637,3996911900559,3996911941632,41.073
638,3996911942487,3996911983161,40.674
639,3996911984010,3996912025349,41.339
640,3996912026261,3996912067052,40.791
641,3996912067905,3996912108384,40.479
642,3996912109256,3996912149171,39.915
643,3996912150035,3996912190028,39.993
644,3996912190890,3996912246992,56.102
645,3996912247851,3996912295425,47.574
646,3996912296295,3996912350488,54.193
647,3996912352835,3996912395694,42.859
648,3996912396564,3996912435161,38.597
649,3996912436028,3996912475158,39.13
650,3996912476081,3996912514522,38.441
651,3996912517100,3996912555754,38.654
652,3996912556618,3996912610953,54.335
653,3996912613289,3996912658152,44.863
654,3996912659012,3996912699043,40.031
655,3996912699894,3996912739088,39.194
656,3996912739940,3996912778355,38.415
657,3996912779196,3996912817769,38.573
658,3996912818618,3996912858220,39.602
659,3996912859080,3996912897324,38.244
660,3996912898184,3996912936520,38.336
661,3996912937366,3996912987925,50.559
662,3996912990284,3996913033223,42.939
663,3996913034068,3996913073093,39.025
664,3996913073955,3996913112789,38.834
665,3996913113633,3996913151849,38.216
666,3996913152699,3996913191113,38.414
667,3996913192013,3996913231167,39.154
668,3996913232022,3996913295729,63.707
669,3996913323309,3996913374537,51.228
670,3996913375405,3996913425515,50.11
671,3996913426370,3996913477257,50.887
672,3996913478102,3996913541273,63.171
673,3996913542234,3996913592950,50.716
674,3996913593801,3996913643237,49.436
675,3996913644129,3996913693760,49.631
676,3996913694609,3996913750431,55.822
677,3996913752771,3996913815133,62.362
678,3996913815990,3996913855260,39.27
679,3996913857899,3996913897131,39.232
680,3996913898019,3996913936844,38.825
681,3996913937694,3996913976612,38.918
682,3996913977470,3996914030049,52.579
683,3996914046953,3996914085764,38.811
684,3996914086631,3996914148626,61.995
685,3996914149483,3996914201182,51.699
686,3996914202038,3996914252784,50.746
687,3996914253645,3996914304015,50.37
688,3996914304867,3996914354943,50.076
689,3996914355799,3996914405027,49.228
690,3996914405876,3996914455102,49.226
691,3996914455958,3996914505676,49.718
692,3996914506523,3996914557455,50.932
693,3996914558325,3996914608983,50.658
694,3996914609885,3996914659369,49.484
695,3996914660237,3996914710485,50.248
696,3996914711334,3996914760975,49.641
697,3996914761842,3996914811619,49.777
698,3996914812474,3996914863016,50.542
699,3996914863881,3996914913433,49.552
700,3996914914290,3996914964984,50.694
701,3996914965844,3996915016339,50.495
702,3996915017204,3996915067267,50.063
703,3996915068169,3996915118548,50.379
704,3996915119398,3996915157757,38.359
705,3996915158610,3996915196630,38.02
706,3996915197494,3996915236759,39.265
707,3996915237603,3996915275934,38.331
708,3996915276796,3996915316106,39.31
709,3996915316943,3996915356531,39.588
710,3996915357391,3996915397188,39.797
711,3996915398039,3996915436833,38.794
712,3996915437691,3996915476287,38.596
713,3996915477126,3996915525346,48.22
714,3996915527728,3996915575610,47.882
715,3996915585102,3996915654276,69.174
716,3996915656770,3996915716031,59.261
717,3996915718473,3996915778658,60.185
718,3996915781061,3996915841271,60.21
719,3996915843654,3996915905904,62.25
720,3996915908318,3996915955019,46.701
721,3996915957396,3996916013945,56.549
722,3996916016475,3996916060640,44.165
723,3996916061529,3996916100756,39.227
724,3996916101626,3996916158464,56.838
725,3996916159322,3996916209218,49.896
726,3996916210089,3996916260532,50.443
727,3996916261394,3996916310681,49.287
728,3996916311553,3996916361224,49.671
729,3996916363801,3996916414388,50.587
730,3996916415247,3996916464851,49.604
731,3996916465708,3996916516885,51.177
732,3996916517730,3996916567806,50.076
733,3996916568671,3996916619110,50.439
734,3996916619966,3996916669555,49.589
735,3996916670442,3996916719900,49.458
736,3996916720744,3996916770901,50.157
737,3996916771747,3996916825974,54.227
738,3996916828480,3996916887442,58.962
739,3996916889850,3996916949082,59.232
740,3996916951441,3996917010371,58.93
741,3996917012780,3996917072735,59.955
742,3996917075143,3996917134701,59.558
743,3996917137066,3996917196204,59.138
744,3996917198582,3996917245780,47.198
745,3996917248185,3996917296247,48.062
746,3996917302365,3996917345157,42.792
747,3996917346041,3996917385751,39.71
748,3996917386602,3996917424962,38.36
749,3996917425830,3996917466095,40.265
750,3996917466962,3996917506801,39.839
751,3996917507656,3996917546688,39.032
752,3996917547566,3996917601492,53.926
753,3996917602344,3996917641281,38.937
754,3996917642138,3996917680664,38.526
755,3996917681528,3996917720189,38.661
756,3996917721067,3996917760902,39.835
757,3996917761770,3996917801203,39.433
758,3996917802077,3996917840904,38.827
759,3996917841767,3996917897910,56.143
760,3996917898768,3996917948922,50.154
761,3996917949911,3996918000142,50.231
762,3996918001012,3996918051493,50.481
763,3996918052352,3996918103029,50.677
764,3996918103898,3996918155243,51.345
765,3996918156119,3996918206643,50.524
766,3996918207519,3996918257372,49.853
767,3996918258272,3996918308547,50.275
768,3996918309422,3996918359069,49.647
769,3996918359935,3996918410351,50.416
770,3996918411225,3996918460617,49.392
771,3996918461483,3996918511657,50.174
772,3996918512531,3996918562827,50.296
773,3996918563703,3996918614331,50.628
774,3996918615189,3996918665685,50.496
775,3996918666534,3996918716449,49.915
776,3996918717322,3996918766814,49.492
777,3996918767724,3996918817529,49.805
778,3996918820139,3996918869983,49.844
779,3996918870896,3996918921853,50.957
780,3996918924413,3996918975970,51.557
781,3996918976827,3996919029255,52.428
782,3996919030123,3996919080544,50.421
783,3996919081396,3996919131322,49.926
784,3996919132184,3996919178610,46.426
785,3996919179483,3996919218018,38.535
786,3996919218889,3996919257785,38.896
787,3996919258639,3996919298036,39.397
788,3996919298900,3996919337771,38.871
789,3996919338626,3996919377662,39.036
790,3996919378523,3996919439763,61.24
791,3996919440617,3996919490612,49.995
792,3996919491481,3996919541659,50.178
793,3996919542507,3996919591900,49.393
794,3996919592760,3996919642057,49.297
795,3996919642916,3996919693752,50.836
796,3996919694622,3996919744357,49.735
797,3996919745223,3996919795626,50.403
798,3996919796488,3996919846487,49.999
799,3996919847387,3996919896663,49.276
800,3996919897538,3996919953675,56.137
801,3996919954549,3996919993047,38.498
802,3996919993910,3996920033215,39.305
803,3996920034124,3996920073130,39.006
804,3996920074000,3996920112646,38.646
805,3996920113508,3996920151899,38.391
806,3996920152770,3996920204642,51.872
807,3996920207024,3996920260431,53.407
808,3996920261301,3996920311096,49.795
809,3996920311969,3996920361241,49.272
810,3996920364002,3996920414512,50.51
811,3996920415406,3996920466157,50.751
812,3996920467028,3996920517530,50.502
813,3996920518397,3996920570607,52.21
814,3996920571477,3996920622223,50.746
815,3996920623091,3996920674449,51.358
816,3996920675310,3996920725302,49.992
817,3996920726172,3996920785959,59.787
818,3996920786837,3996920826113,39.276
819,3996920826983,3996920865667,38.684
820,3996920866540,3996920904974,38.434
821,3996920905840,3996920945252,39.412
822,3996920946128,3996920991972,45.844
823,3996920992829,3996921031403,38.574
824,3996921032282,3996921071163,38.881
825,3996921072023,3996921110516,38.493
826,3996921111388,3996921150286,38.898
827,3996921151140,3996921190766,39.626
828,3996921191640,3996921245114,53.474
829,3996921245991,3996921285054,39.063
830,3996921285918,3996921324430,38.512
831,3996921326984,3996921365757,38.773
832,3996921366632,3996921404777,38.145
833,3996921405647,3996921458498,52.851
834,3996921472863,3996921534441,61.578
835,3996921535313,3996921585901,50.588
836,3996921586763,3996921636856,50.093
837,3996921637733,3996921688592,50.859
838,3996921689450,3996921738735,49.285
839,3996921739606,3996921790165,50.559
840,3996921791080,3996921841072,49.992
841,3996921841945,3996921892366,50.421
842,3996921895096,3996921945868,50.772
843,3996921946749,3996922011488,64.739
844,3996922013847,3996922078939,65.092
845,3996922079808,3996922131242,51.434
846,3996922132109,3996922182373,50.264
847,3996922183245,3996922233776,50.531
848,3996922234665,3996922289989,55.324
849,3996922292422,3996922356998,64.576
850,3996922357893,3996922407904,50.011
851,3996922408786,3996922459662,50.876
852,3996922460537,3996922510356,49.819
853,3996922511213,3996922556929,45.716
854,3996922557795,3996922602961,45.166
855,3996922603829,3996922648505,44.676
856,3996922649377,3996922694739,45.362
857,3996922695617,3996922740424,44.807
858,3996922741288,3996922786166,44.878
859,3996922787034,3996922848892,61.858
860,3996922851272,3996922912911,61.639
861,3996922913919,3996922959787,45.868
862,3996922960661,3996923005165,44.504
863,3996923006045,3996923064969,58.924
864,3996923065850,3996923121499,55.649
865,3996923123908,3996923190460,66.552
866,3996923191327,3996923241356,50.029
867,3996923242222,3996923292449,50.227
868,3996923293325,3996923344368,51.043
869,3996923345227,3996923395319,50.092
870,3996923396200,3996923445671,49.471
871,3996923446536,3996923496741,50.205
872,3996923497629,3996923547769,50.14
873,3996923548633,3996923599051,50.418
874,3996923601641,3996923651796,50.155
875,3996923652667,3996923703426,50.759
876,3996923704307,3996923755421,51.114
877,3996923756303,3996923808271,51.968
878,3996923809132,3996923859804,50.672
879,3996923860676,3996923911122,50.446
880,3996923911981,3996923962263,50.282
881,3996923963136,3996924017619,54.483
882,3996924018567,3996924064741,46.174
883,3996924067331,3996924113328,45.997
884,3996924114205,3996924159523,45.318
885,3996924160387,3996924211365,50.978
886,3996924213761,3996924275910,62.149
887,3996924276776,3996924326546,49.77
888,3996924327416,3996924377760,50.344
889,3996924378623,3996924429479,50.856
890,3996924430335,3996924486057,55.722
891,3996924488444,3996924542847,54.403
892,3996924543709,3996924594488,50.779
893,3996924595341,3996924648896,53.555
894,3996924649764,3996924699622,49.858
895,3996924700480,3996924760710,60.23
896,3996924763261,3996924811906,48.645
897,3996924812769,3996924858251,45.482
898,3996924859124,3996924904006,44.882
899,3996924904866,3996924950186,45.32
900,3996924951043,3996924996783,45.74
901,3996924997638,3996925056232,58.594
902,3996925057095,3996925106936,49.841
903,3996925107807,3996925157418,49.611
904,3996925158278,3996925208027,49.749
905,3996925208897,3996925259524,50.627
906,3996925262088,3996925312461,50.373
907,3996925313333,3996925363934,50.601
908,3996925364810,3996925415337,50.527
909,3996925416204,3996925467471,51.267
910,3996925468350,3996925519031,50.681
911,3996925519930,3996925569442,49.512
912,3996925570313,3996925620774,50.461
913,3996925621634,3996925671826,50.192
914,3996925672704,3996925722490,49.786
915,3996925723338,3996925774071,50.733
916,3996925774955,3996925825215,50.26
917,3996925826081,3996925871415,45.334
918,3996925872299,3996925917215,44.916
919,3996925918062,3996925962788,44.726
920,3996925963674,3996926009027,45.353
921,3996926009881,3996926072242,62.361
922,3996926074659,3996926139772,65.113
923,3996926140670,3996926190519,49.849
924,3996926191391,3996926241692,50.301
925,3996926242556,3996926291759,49.203
926,3996926292614,3996926341606,48.992
927,3996926342479,3996926392427,49.948
928,3996926393295,3996926442529,49.234
929,3996926443408,3996926494353,50.945
930,3996926495234,3996926544735,49.501
931,3996926545610,3996926595717,50.107
932,3996926596619,3996926647478,50.859
933,3996926650073,3996926699673,49.6
934,3996926700550,3996926750557,50.007
935,3996926751419,3996926800803,49.384
936,3996926801664,3996926862637,60.973
937,3996926863506,3996926909096,45.59
938,3996926911760,3996926956979,45.219
939,3996926957861,3996927003875,46.014
940,3996927004749,3996927050004,45.255
941,3996927050860,3996927097193,46.333
942,3996927098064,3996927159221,61.157
943,3996927173985,3996927219003,45.018
944,3996927219883,3996927265040,45.157
945,3996927265903,3996927310694,44.791
946,3996927311555,3996927356899,45.344
947,3996927357787,3996927421038,63.251
948,3996927436260,3996927481467,45.207
949,3996927482346,3996927527568,45.222
950,3996927528483,3996927572941,44.458
951,3996927573812,3996927618912,45.1
952,3996927619786,3996927680191,60.405
953,3996927682550,3996927731468,48.918
954,3996927732357,3996927778299,45.942
955,3996927779168,3996927824566,45.398
956,3996927825453,3996927871213,45.76
957,3996927872079,3996927917804,45.725
958,3996927918676,3996927968886,50.21
959,3996927971280,3996928038027,66.747
960,3996928038955,3996928089502,50.547
961,3996928090378,3996928141097,50.719
962,3996928141975,3996928191922,49.947
963,3996928192801,3996928250777,57.976
964,3996928253184,3996928320512,67.328
965,3996928321399,3996928371244,49.845
966,3996928372109,3996928422490,50.381
967,3996928423344,3996928472792,49.448
968,3996928473660,3996928524907,51.247
969,3996928525771,3996928575948,50.177
970,3996928578772,3996928634989,56.217
971,3996928635848,3996928687103,51.255
972,3996928687981,3996928737651,49.67
973,3996928738618,3996928790100,51.482
974,3996928790985,3996928841226,50.241
975,3996928842091,3996928892797,50.706
976,3996928893675,3996928943229,49.554
977,3996928944134,3996928994133,49.999
978,3996928995013,3996929046052,51.039
979,3996929046927,3996929097772,50.845
980,3996929098649,3996929148496,49.847
981,3996929149370,3996929199259,49.889
982,3996929200129,3996929260575,60.446
983,3996929261442,3996929307111,45.669
984,3996929309734,3996929355446,45.712
985,3996929356312,3996929402769,46.457
986,3996929403656,3996929449341,45.685
987,3996929450260,3996929494920,44.66
988,3996929495806,3996929556174,60.368
989,3996929570357,3996929615013,44.656
990,3996929615895,3996929661393,45.498
991,3996929662265,3996929707154,44.889
992,3996929708041,3996929753411,45.37
993,3996929754271,3996929799877,45.606
994,3996929800737,3996929857473,56.736
995,3996929858345,3996929908767,50.422
996,3996929909653,3996929958972,49.319
997,3996929959841,3996930009327,49.486
998,3996930010212,3996930060483,50.271
999,3996930061346,3996930116457,55.111
